hockeyRef,team,pos,stats/gp,stats/goals,stats/assists,stats/pim,stats/plusMinus,stats/ppg,stats/shg,stats/gwg,stats/how,stats/fol,stats/shots,stats/blocks,stats/hits,stats/toi,stats/take,stats/give,stats/wins,stats/losses,stats/ties,stats/ga,stats/sa,stats/so
hughequ01,MIN,D,7,3,8,2,9,0,0,1,0,0,15,7,0,218,2,8,,,,,,
boldyma01,MIN,LW,7,6,4,4,8,1,0,1,10,6,36,7,11,171,3,5,,,,,,
draisle01,EDM,C,6,3,7,2,-2,1,0,0,75,62,13,2,3,137,6,13,,,,,,
kapriki01,MIN,LW,7,2,8,0,9,0,0,1,1,1,16,4,12,169,6,8,,,,,,
duchema01,DAL,C,6,2,7,4,-4,2,0,0,26,27,9,3,1,125,1,6,,,,,,
eicheja01,VEG,C,6,1,8,4,0,0,0,0,57,68,18,5,6,146,2,8,,,,,,
lacomja01,ANA,D,6,1,8,2,6,0,0,0,0,0,14,13,6,161,0,5,,,,,,
carlsle01,ANA,C,6,3,5,0,4,0,0,1,32,45,28,2,5,105,3,5,,,,,,
guentja01,TBL,C,7,2,6,8,3,0,0,0,12,29,21,0,5,154,4,7,,,,,,
hagelbr01,TBL,LW,7,6,2,13,6,2,0,1,2,4,20,4,12,174,7,10,,,,,,
hallta02,CAR,LW,5,2,6,6,7,0,0,0,1,3,14,1,7,77,1,2,,,,,,
roberja01,DAL,LW,6,5,3,2,-2,2,0,1,0,0,30,2,3,139,2,3,,,,,,
terrytr01,ANA,C,6,3,5,0,5,1,0,0,0,0,13,1,3,104,0,7,,,,,,
bouchev01,EDM,D,6,1,6,0,-7,1,0,0,0,0,8,7,3,149,5,13,,,,,,
gauthcu01,ANA,LW,6,4,3,4,2,3,0,2,2,1,21,0,22,98,1,3,,,,,,
mackina01,COL,C,5,3,4,4,7,1,0,0,53,31,16,2,4,101,1,8,,,,,,
marnemi01,VEG,RW,6,2,5,2,5,1,0,1,20,27,15,5,5,130,2,5,,,,,,
pastrda01,BOS,RW,6,3,4,8,-7,1,0,1,0,0,22,5,12,125,2,7,,,,,,
rantami01,DAL,RW,6,1,6,12,-8,1,0,0,9,5,14,7,12,136,1,12,,,,,,
stanklo01,CAR,C,5,6,1,0,6,2,0,2,24,34,23,1,9,83,1,5,,,,,,
thompta01,BUF,C,6,2,5,18,7,0,0,0,19,37,26,6,10,121,0,8,,,,,,
toewsde01,COL,D,5,2,5,0,7,0,0,0,0,0,5,6,2,125,4,3,,,,,,
tuchal01,BUF,RW,6,4,3,4,8,0,0,2,11,9,20,9,21,127,4,5,,,,,,
barbaiv01,VEG,C,6,2,4,6,-2,0,0,0,2,4,6,4,37,113,3,10,,,,,,
blakeja02,CAR,RW,5,2,4,16,5,0,0,1,0,0,10,2,5,89,3,3,,,,,,
faberbr01,MIN,D,7,3,3,8,10,0,0,0,0,0,22,12,3,207,1,8,,,,,,
granlmi01,ANA,C,6,2,4,2,-2,2,0,0,41,45,8,3,14,108,1,2,,,,,,
heiskmi01,DAL,D,6,2,4,2,-9,2,0,0,0,0,21,7,1,183,1,5,,,,,,
hutsola01,MTL,D,7,2,4,2,0,1,0,1,0,0,14,13,6,191,3,14,,,,,,
johnswy01,DAL,C,6,4,2,2,-6,3,0,1,40,42,20,2,7,143,1,5,,,,,,
kapanka01,EDM,RW,6,4,2,0,7,0,0,1,0,0,15,2,17,107,1,2,,,,,,
killoal01,ANA,C,6,3,3,4,-4,2,0,0,2,9,14,2,8,109,2,6,,,,,,
krebspe01,BUF,C,6,2,4,8,8,0,0,0,17,15,6,5,13,98,2,6,,,,,,
kucheni01,TBL,RW,7,1,5,10,2,0,0,0,0,0,31,2,5,149,3,10,,,,,,
lehkoar01,COL,LW,5,3,3,2,9,1,1,1,0,1,12,5,14,87,1,6,,,,,,
mcdavco01,EDM,C,6,1,5,2,-8,1,0,0,33,34,20,2,6,141,1,12,,,,,,
podkova01,EDM,RW,6,3,3,5,5,0,0,0,3,4,12,3,32,97,0,6,,,,,,
suzukni01,MTL,C,7,1,5,0,-3,0,0,0,71,55,10,10,17,160,3,11,,,,,,
zuccama01,MIN,LW,4,2,4,0,1,0,0,0,1,1,7,1,2,71,0,6,,,,,,
byrambo01,BUF,D,6,3,2,2,6,0,0,0,0,0,15,6,4,137,0,8,,,,,,
carlsjo01,ANA,D,6,0,5,0,-1,0,0,0,0,0,11,11,4,146,3,14,,,,,,
crosbsi01,PIT,C,6,1,4,6,-1,1,0,0,62,70,19,5,9,125,3,5,,,,,,
crousla01,UTA,LW,6,3,2,2,-1,0,0,1,1,3,11,4,38,129,3,6,,,,,,
eriksjo02,MIN,C,6,3,2,6,7,2,0,0,84,65,24,3,15,142,2,5,,,,,,
guentdy01,UTA,RW,6,3,2,2,0,1,0,0,1,1,27,2,16,124,4,11,,,,,,
hanifno01,VEG,D,6,0,5,0,1,0,0,0,0,0,7,7,6,151,6,8,,,,,,
hartmry01,MIN,RW,7,2,3,14,1,0,0,0,55,53,21,6,14,132,3,7,,,,,,
howdebr01,VEG,C,6,4,1,2,3,0,2,1,29,21,11,1,15,98,0,1,,,,,,
kellecl01,UTA,C,6,1,4,0,1,0,0,0,0,1,21,5,6,128,5,9,,,,,,
kreidch01,ANA,LW,6,1,4,0,4,0,0,0,0,0,6,2,16,81,0,5,,,,,,
landega01,COL,LW,5,2,3,10,4,0,0,0,19,27,9,6,17,80,0,4,,,,,,
makarca01,COL,D,5,4,1,4,6,0,0,1,0,0,15,13,0,119,1,11,,,,,,
necasma01,COL,C,5,0,5,2,7,0,0,0,0,0,15,1,9,93,1,3,,,,,,
nugenry01,EDM,C,6,2,3,2,-1,1,0,0,14,13,7,5,6,106,2,5,,,,,,
ristora01,PHI,D,7,1,4,14,2,0,0,0,0,0,15,7,14,178,1,11,,,,,,
sergami01,UTA,D,6,0,5,4,0,0,0,0,0,0,7,15,5,164,1,12,,,,,,
stonema01,VEG,RW,6,2,3,4,-3,2,0,0,0,1,15,3,6,133,2,7,,,,,,
weegama01,UTA,D,6,2,3,2,2,0,0,0,0,0,9,8,26,133,3,11,,,,,,
yamamka01,UTA,RW,6,1,4,2,2,0,0,0,1,6,4,0,22,85,0,4,,,,,,
bathedr01,OTT,C,4,3,1,4,-3,1,0,0,0,1,9,1,16,85,0,6,,,,,,
bolduza01,MTL,C,7,1,3,2,5,0,0,0,0,1,10,4,17,83,3,5,,,,,,
catesno01,PHI,LW,7,1,3,0,-2,1,0,0,48,47,10,5,16,109,3,1,,,,,,
caufico01,MTL,RW,7,1,3,0,-4,1,0,0,0,0,12,1,17,130,1,4,,,,,,
dahlira01,BUF,D,6,1,3,6,3,1,0,0,0,0,21,6,10,145,1,12,,,,,,
dorofpa01,VEG,LW,6,4,0,0,2,1,0,0,0,0,18,2,3,105,3,3,,,,,,
geekimo01,BOS,C,6,2,2,6,-1,0,0,0,4,9,12,3,15,109,2,8,,,,,,
guhleka01,MTL,D,7,0,4,12,-1,0,0,0,0,0,8,13,31,159,4,5,,,,,,
konectr01,PHI,RW,7,1,3,12,0,0,0,0,2,0,9,3,27,126,3,5,,,,,,
laferal01,LAK,RW,4,0,4,0,-4,0,0,0,2,4,15,3,18,89,2,4,,,,,,
mctavma01,ANA,C,6,1,3,2,2,0,0,0,15,9,12,4,18,76,1,5,,,,,,
poehlry01,ANA,C,6,4,0,2,1,0,1,1,35,44,12,6,5,84,2,2,,,,,,
powerow01,BUF,D,6,0,4,0,5,0,0,0,0,0,7,4,3,123,0,5,,,,,,
rakelri01,PIT,RW,6,1,3,0,1,0,0,0,5,8,16,2,14,122,2,5,,,,,,
schmani01,UTA,C,6,1,3,2,-1,0,0,0,47,56,12,7,9,138,3,6,,,,,,
sissoco01,VEG,C,6,2,2,2,3,0,0,0,18,5,6,4,18,92,0,5,,,,,,
smithco02,VEG,F,6,2,2,10,5,0,0,0,0,2,6,3,30,80,1,4,,,,,,
texieal01,MTL,C,7,2,2,2,4,0,0,1,2,1,10,2,11,93,1,2,,,,,,
theodsh01,VEG,D,6,2,2,0,0,0,0,1,0,0,14,17,1,157,1,10,,,,,,
walmaja01,EDM,D,6,0,4,8,-1,0,0,0,0,0,9,3,6,101,3,4,,,,,,
zegratr01,PHI,C,7,1,3,24,0,1,0,0,27,32,6,3,20,122,1,6,,,,,,
ahose01,CAR,F,5,3,0,4,1,0,0,1,27,42,11,3,8,109,3,5,,,,,,
anderjo05,MTL,RW,7,2,1,10,2,0,0,0,0,2,11,3,33,110,1,4,,,,,,
bensoza01,BUF,LW,6,2,1,28,3,0,0,0,0,5,11,1,7,88,2,1,,,,,,
coolelo01,UTA,C,6,2,1,10,2,0,0,1,37,53,17,2,20,134,2,8,,,,,,
coutuse01,PHI,C,7,0,3,4,1,0,0,0,47,17,16,2,24,110,4,1,,,,,,
dachki01,MTL,C,7,2,1,6,4,0,0,0,18,12,5,3,15,78,1,2,,,,,,
dickija01,EDM,C,4,2,1,0,2,0,0,0,16,19,5,4,6,48,0,2,,,,,,
doanjo01,BUF,RW,6,1,2,2,3,0,0,1,0,0,13,0,14,90,5,2,,,,,,
drysdja01,PHI,D,7,1,2,4,-2,0,0,0,0,0,11,10,3,152,3,8,,,,,,
dvorach01,PHI,C,7,0,3,2,2,0,0,0,51,48,11,5,12,127,2,2,,,,,,
foligma01,MIN,LW,7,2,1,4,2,0,1,0,0,1,6,3,36,84,0,1,,,,,,
goncaga01,TBL,C,7,1,2,0,-5,0,0,1,0,3,10,2,10,101,1,4,,,,,,
jamesdo01,TBL,C,7,2,1,0,-4,1,0,0,6,22,12,3,10,84,2,5,,,,,,
jarvise01,CAR,C,5,0,3,0,1,0,0,0,0,6,7,7,8,105,0,4,,,,,,
kadrina01,COL,C,5,1,2,2,1,0,0,1,2,5,12,1,3,73,1,3,,,,,,
karlser01,PIT,D,6,1,2,10,-4,1,0,0,0,0,13,5,3,171,1,14,,,,,,
malinsa01,COL,D,5,1,2,0,7,0,0,0,0,0,11,11,5,100,1,5,,,,,,
malkiev01,PIT,C,6,2,1,6,0,1,0,0,1,2,8,1,4,107,0,4,,,,,,
martopo01,PHI,RW,7,2,1,4,4,0,0,2,0,0,15,3,24,117,2,12,,,,,,
mccarmi01,MIN,RW,7,2,1,0,1,0,0,1,52,38,10,8,16,103,2,5,,,,,,
milleka01,CAR,D,5,0,3,2,4,0,0,0,0,0,3,9,7,115,3,4,,,,,,
moserja01,TBL,D,7,1,2,2,3,0,0,1,0,0,9,14,9,164,1,6,,,,,,
murphco02,EDM,D,6,2,1,0,3,0,0,0,0,0,11,15,12,127,1,6,,,,,,
panarar01,LAK,LW,4,2,1,0,-4,2,0,0,0,0,4,0,2,87,0,3,,,,,,
quinnja01,BUF,RW,6,0,3,0,-1,0,0,0,0,1,12,0,11,100,0,5,,,,,,
royni01,COL,C,5,2,1,2,3,0,0,1,12,22,7,5,9,61,2,6,,,,,,
sanhetr01,PHI,D,7,2,1,6,3,0,0,0,0,0,8,12,8,179,3,11,,,,,,
slafkju01,MTL,LW,7,3,0,7,-4,3,0,1,0,4,18,5,13,147,4,5,,,,,,
tarasvl01,MIN,RW,7,2,1,0,1,0,0,0,0,2,12,3,8,108,1,5,,,,,,
zachapa01,BOS,C,6,1,2,2,-7,1,0,1,53,44,11,2,9,108,1,1,,,,,,
arvidvi01,BOS,LW,4,2,0,0,-4,0,0,0,0,0,11,3,1,45,1,2,,,,,,
aspirjo01,BOS,D,6,0,2,2,-3,0,0,0,0,0,5,11,11,97,1,3,,,,,,
barkede01,PHI,C,7,1,1,2,0,0,0,0,1,3,7,0,11,86,0,5,,,,,,
byfiequ01,LAK,C,4,0,2,6,-4,0,0,0,33,44,17,5,8,86,5,4,,,,,,
carcomi01,UTA,F,6,2,0,2,-1,0,0,0,3,2,10,2,23,83,0,3,,,,,,
cirelan01,TBL,C,7,0,2,2,5,0,0,0,83,76,5,7,16,138,2,3,,,,,,
coleia01,UTA,D,6,1,1,4,-2,0,0,0,0,0,5,11,13,112,0,9,,,,,,
cozendy01,OTT,C,4,2,0,0,0,0,0,0,18,8,11,2,22,80,0,4,,,,,,
dewarco01,PIT,C,6,2,0,2,0,0,0,0,2,0,9,2,19,82,0,5,,,,,,
dowdni01,VEG,C,6,2,0,2,1,0,0,1,54,38,11,5,13,83,2,1,,,,,,
druryja01,COL,C,5,1,1,4,0,0,0,0,26,17,6,2,6,56,2,3,,,,,,
durzise01,UTA,D,6,0,2,4,-2,0,0,0,0,0,5,13,3,101,0,6,,,,,,
ekholma01,EDM,D,6,0,2,0,-1,0,0,0,0,0,6,12,4,116,1,7,,,,,,
hathaga01,PHI,RW,6,1,1,12,3,0,1,0,0,1,8,5,25,63,0,1,,,,,,
hertlto01,VEG,C,6,0,2,0,-3,0,0,0,36,28,12,3,16,83,2,2,,,,,,
hymanza01,EDM,LW,6,2,0,6,-6,0,0,1,0,0,13,3,24,112,1,4,,,,,,
johanma03,MIN,C,7,2,0,2,1,1,0,0,1,1,12,2,18,113,0,3,,,,,,
juulsno01,PHI,D,5,0,2,0,1,0,0,0,0,0,1,8,15,54,1,4,,,,,,
kempead01,LAK,LW,4,1,1,4,-5,1,0,0,2,3,5,2,6,77,0,2,,,,,,
kuralse01,BOS,C,6,1,1,2,1,0,1,0,27,16,3,3,7,75,0,4,,,,,,
letankr01,PIT,D,6,2,0,20,-2,0,0,2,0,0,11,6,11,142,0,5,,,,,,
lindhel01,BOS,C,6,2,0,2,-3,0,0,0,53,38,10,3,19,112,0,6,,,,,,
lindhha01,BOS,D,6,0,2,8,-4,0,0,0,0,0,6,9,3,137,2,8,,,,,,
lizotbl01,PIT,C,6,0,2,2,0,0,0,0,14,22,3,3,11,85,2,2,,,,,,
lundkni01,DAL,D,4,0,2,2,1,0,0,0,0,0,2,6,2,66,0,3,,,,,,
malenbe01,BUF,LW,6,1,1,4,0,0,0,0,0,1,4,6,22,67,1,2,,,,,,
mansojo01,COL,D,3,0,2,4,2,0,0,0,0,0,5,1,10,37,1,4,,,,,,
mcavoch01,BOS,D,6,0,2,19,-6,0,0,0,0,0,13,13,16,153,2,10,,,,,,
mcnabbr01,VEG,D,6,0,2,2,2,0,0,0,0,0,11,9,14,139,2,11,,,,,,
mitteca01,BOS,C,6,0,2,0,-4,0,0,0,1,1,8,1,8,89,1,3,,,,,,
mooretr01,LAK,LW,4,1,1,0,-1,0,0,0,0,5,11,1,7,79,1,3,,,,,,
newhoal01,MTL,C,7,1,1,4,-1,0,0,1,16,27,7,6,11,114,2,3,,,,,,
nichuva01,COL,RW,5,0,2,0,1,0,0,0,0,0,5,2,3,84,1,2,,,,,,
novakth01,PIT,C,6,0,2,0,-4,0,0,0,26,24,7,1,6,83,0,3,,,,,,
oconnlo01,COL,RW,5,1,1,0,1,0,0,1,0,1,8,1,6,56,1,2,,,,,,
ostluno01,BUF,C,3,1,1,2,3,0,0,0,3,13,4,1,0,34,0,2,,,,,,
raddyda01,TBL,D,7,1,1,6,1,1,0,0,0,0,28,3,17,182,1,10,,,,,,
reillmi01,CAR,D,1,0,2,2,3,0,0,0,0,0,0,0,0,11,0,1,,,,,,
robiner01,CAR,LW,5,0,2,2,2,0,0,0,0,2,4,1,11,48,0,2,,,,,,
rustbr01,PIT,RW,6,1,1,4,-2,0,0,0,1,0,15,3,7,124,1,5,,,,,,
samanjo01,EDM,F,5,1,1,4,1,0,0,0,12,14,2,0,4,44,2,2,,,,,,
samuema02,BUF,D,6,2,0,0,1,0,0,1,0,0,8,8,19,125,1,5,,,,,,
sandeja01,OTT,D,3,0,2,2,2,0,0,0,0,1,5,10,5,83,0,6,,,,,,
smithre01,VEG,RW,6,0,2,2,-3,0,0,0,0,1,10,1,5,77,0,6,,,,,,
sturmni01,MIN,C,4,0,2,0,-1,0,0,0,7,8,4,2,8,40,0,1,,,,,,
tippeow01,PHI,RW,6,1,1,0,2,0,0,0,2,5,9,4,29,103,1,8,,,,,,
treniya01,MIN,C,5,0,2,2,2,0,0,0,0,0,3,3,31,50,2,3,,,,,,
vielje01,ANA,F,6,2,0,9,-1,0,0,0,2,7,10,2,23,74,1,8,,,,,,
yakemca01,OTT,D,1,0,2,0,-1,0,0,0,0,0,3,0,0,19,0,1,,,,,,
yorkca01,PHI,D,7,1,1,2,1,0,0,1,0,0,14,12,10,157,2,11,,,,,,
acciano01,PIT,C,6,0,1,12,-1,0,0,0,36,23,8,5,20,83,3,7,,,,,,
backos01,DAL,C,6,0,1,0,-1,0,0,0,0,1,3,5,3,82,4,0,,,,,,
blankni01,COL,D,2,1,0,2,-2,0,0,0,0,0,2,1,2,22,0,0,,,,,,
bourqma01,DAL,C,6,1,0,4,-1,0,0,0,20,28,14,2,25,100,1,3,,,,,,
brinkbo01,MIN,RW,4,0,1,4,0,0,0,0,0,0,2,6,9,68,0,2,,,,,,
brodijo01,MIN,D,5,0,1,4,2,0,0,0,0,0,6,14,2,98,4,4,,,,,,
bumpal01,PHI,LW,3,1,0,0,0,0,0,0,0,1,7,1,7,43,1,1,,,,,,
buntimi01,DAL,LW,1,0,1,0,1,0,0,0,0,0,1,0,2,9,0,0,,,,,,
carrial01,MTL,D,7,0,1,2,-2,0,0,0,0,0,2,19,11,161,0,6,,,,,,
cernaer01,TBL,D,7,0,1,2,2,0,0,0,0,0,6,11,12,136,4,3,,,,,,
chatfja01,CAR,D,5,0,1,6,1,0,0,0,0,0,9,4,4,113,3,6,,,,,,
clarkbr02,LAK,D,4,0,1,0,-5,0,0,0,0,0,5,13,3,79,0,4,,,,,,
coltoro01,COL,C,3,0,1,0,-2,0,0,0,2,1,6,2,10,31,0,1,,,,,,
cousini01,OTT,C,4,0,1,2,-1,0,0,0,1,1,2,0,16,41,1,4,,,,,,
dastoch01,TBL,D,3,0,1,2,-1,0,0,0,0,0,5,2,7,45,0,0,,,,,,
dachco01,EDM,C,5,0,1,4,0,0,0,0,0,0,4,1,23,42,1,3,,,,,,
danauph01,MTL,C,7,0,1,2,1,0,0,0,51,36,7,4,14,119,2,9,,,,,,
demidiv01,MTL,RW,7,0,1,6,-2,0,0,0,0,0,14,4,9,116,2,6,,,,,,
edmunjo01,LAK,D,4,1,0,0,-3,0,0,0,0,0,7,5,11,71,0,4,,,,,,
ehlerni01,CAR,LW,4,0,1,0,0,0,0,0,1,0,10,5,4,78,0,6,,,,,,
emberty01,EDM,D,6,0,1,0,1,0,0,0,0,0,3,6,16,73,0,3,,,,,,
evansja02,MTL,C,7,0,1,6,1,0,0,0,56,33,8,9,23,112,3,2,,,,,,
foligni01,MIN,LW,7,0,1,6,2,0,0,0,18,19,5,3,24,89,0,6,,,,,,
gallabr01,MTL,RW,3,1,0,0,1,0,0,0,0,0,1,0,5,19,0,0,,,,,,
glendlu01,PHI,C,7,1,0,6,2,0,0,0,39,39,4,6,12,92,0,3,,,,,,
gourdya01,TBL,C,7,0,1,10,0,0,0,0,8,18,6,3,12,109,2,5,,,,,,
greenjo02,BUF,LW,6,0,1,4,0,0,0,0,3,0,2,1,15,66,2,2,,,,,,
greigri01,OTT,C,4,0,1,2,1,0,0,0,13,8,8,7,12,74,1,2,,,,,,
helledr01,ANA,D,5,0,1,2,1,0,0,0,0,0,4,0,5,42,2,2,,,,,,
hindsty01,ANA,D,6,0,1,0,-1,0,0,0,0,0,0,3,10,63,1,0,,,,,,
hryckju01,DAL,F,6,0,1,0,-4,0,0,0,34,21,5,6,22,96,0,3,,,,,,
jankoma01,CAR,C,5,0,1,0,1,0,0,0,24,31,4,6,5,59,1,1,,,,,,
jeannta01,BOS,F,6,1,0,6,0,0,0,0,1,0,9,4,19,68,0,5,,,,,,
kastema01,BOS,C,6,0,1,11,1,0,0,0,21,9,7,4,24,68,5,4,,,,,,
kerfoal01,UTA,C,6,0,1,6,-3,0,0,0,38,46,5,3,12,102,2,0,,,,,,
korczka01,VEG,D,6,0,1,0,0,0,0,0,0,0,3,3,14,75,1,7,,,,,,
kozakty01,BUF,C,4,0,1,0,1,0,0,0,20,24,4,4,12,47,0,1,,,,,,
kulakbr01,COL,D,5,0,1,6,2,0,0,0,0,0,4,15,2,106,3,8,,,,,,
lindees01,DAL,D,6,0,1,6,-7,0,0,0,0,0,9,13,2,151,0,10,,,,,,
lyubuil01,DAL,D,2,0,1,0,0,0,0,0,0,0,1,2,4,27,1,1,,,,,,
manthan01,PIT,RW,6,0,1,20,-5,0,0,0,0,0,8,4,16,81,2,4,,,,,,
marinjo01,UTA,D,6,1,0,0,0,0,0,0,0,0,4,14,2,134,3,5,,,,,,
martijo01,CAR,LW,5,1,0,4,-1,0,0,1,1,2,11,7,13,84,1,6,,,,,,
mathemi01,MTL,D,7,0,1,12,-1,0,0,0,0,0,8,21,10,181,2,11,,,,,,
mcdonry01,TBL,D,7,0,1,6,2,0,0,0,0,0,4,14,11,137,5,7,,,,,,
mcleory01,BUF,C,6,0,1,2,-4,0,0,0,54,58,7,2,0,109,1,11,,,,,,
michkma01,PHI,RW,6,0,1,6,-3,0,0,0,1,0,7,3,2,69,0,5,,,,,,
middlja01,MIN,D,7,0,1,2,2,0,0,0,0,0,4,11,8,114,3,5,,,,,,
nelsobr01,COL,C,5,1,0,4,1,0,0,0,38,59,10,8,8,89,2,2,,,,,,
norrijo01,BUF,C,3,1,0,0,1,0,0,0,23,21,4,1,11,49,0,3,,,,,,
obrieli01,UTA,C,3,0,1,2,1,0,0,0,0,0,0,3,11,22,0,0,,,,,,
peekean01,BOS,D,6,0,1,14,2,0,0,0,0,0,6,12,7,118,1,6,,,,,,
pointbr01,TBL,C,7,1,0,2,-1,1,0,0,24,29,12,3,3,132,1,4,,,,,,
rosloja01,EDM,C,6,0,1,2,0,0,0,0,19,12,9,3,10,78,0,5,,,,,,
savoima01,EDM,C,6,0,1,2,-1,0,0,0,0,2,10,4,3,85,2,2,,,,,,
schmina01,UTA,D,6,0,1,2,2,0,0,0,0,0,8,10,5,129,0,12,,,,,,
seeleni01,PHI,D,7,1,0,26,2,0,0,1,0,0,5,14,18,100,5,6,,,,,,
sennebe01,ANA,F,6,1,0,2,-7,0,0,0,0,0,17,3,11,100,2,4,,,,,,
sheary01,PIT,D,6,0,1,2,0,0,0,0,0,0,5,9,3,101,2,8,,,,,,
soderel01,PIT,RW,5,1,0,0,-1,0,0,0,0,0,10,0,14,53,1,6,,,,,,
spurgja01,MIN,D,7,0,1,4,0,0,0,0,0,0,7,14,8,154,0,7,,,,,,
staaljo01,CAR,C,5,0,1,9,1,0,0,0,57,66,10,1,24,97,1,5,,,,,,
stenlke01,UTA,C,6,1,0,2,-3,0,0,0,60,40,8,5,3,88,2,4,,,,,,
stuetti02,OTT,LW,4,0,1,0,-4,0,0,0,17,10,8,1,8,102,3,5,,,,,,
svechan01,CAR,RW,5,0,1,10,0,0,0,0,0,0,19,4,23,93,0,7,,,,,,
troubja01,ANA,D,6,1,0,2,2,0,0,0,0,0,8,10,18,152,2,8,,,,,,
walkese01,CAR,D,5,0,1,8,4,0,0,0,0,0,6,11,19,111,0,8,,,,,,
washeti01,ANA,F,6,0,1,2,-1,0,0,0,54,34,3,4,20,78,0,0,,,,,,
wothepa01,PIT,D,6,0,1,12,-2,0,0,0,0,0,4,12,20,132,4,6,,,,,,
xhekaar01,MTL,D,6,0,1,12,3,0,0,0,0,0,5,3,31,60,0,4,,,,,,
yurovda01,MIN,RW,5,0,1,4,1,0,0,0,8,18,3,0,9,58,1,2,,,,,,
zadorni01,BOS,D,6,0,1,37,-1,0,0,0,0,0,6,7,19,117,2,8,,,,,,
zuckeja01,BUF,LW,6,0,1,2,-1,0,0,0,1,5,11,2,13,100,1,9,,,,,,
amadimi01,OTT,C,4,0,0,2,-1,0,0,0,0,1,4,5,10,67,1,4,,,,,,
anderfr01,CAR,G,5,0,0,2,0,0,0,0,0,0,0,0,0,333,0,5,5,0,0,5,129,2
andermi02,LAK,D,4,0,0,2,-3,0,0,0,0,0,2,12,16,84,1,3,,,,,,
anderra01,VEG,D,6,0,0,8,1,0,0,0,0,0,12,14,3,147,0,5,,,,,,
andraem01,PHI,D,2,0,0,2,0,0,0,0,0,0,1,1,4,20,0,0,,,,,,
armiajo01,LAK,RW,3,0,0,6,-1,0,0,0,3,3,1,2,8,38,0,0,,,,,,
bennja01,DAL,LW,6,0,0,8,-7,0,0,0,0,1,8,1,11,82,4,2,,,,,,
bichsli01,DAL,D,6,0,0,4,0,0,0,0,0,0,4,3,14,101,1,4,,,,,,
bjorkol01,TBL,RW,4,0,0,0,-3,0,0,0,0,1,5,5,8,47,0,1,,,,,,
blackco01,DAL,C,6,0,0,0,-2,0,0,0,9,7,5,1,17,71,1,0,,,,,,
bogosza01,MIN,D,7,0,0,2,-1,0,0,0,0,0,2,8,8,92,0,6,,,,,,
brazeju01,PIT,F,1,0,0,0,0,0,0,0,0,0,0,1,2,8,0,0,,,,,,
burnsbr01,COL,D,5,0,0,0,2,0,0,0,0,0,7,3,6,90,2,4,,,,,,
carlide01,TBL,D,2,0,0,0,-3,0,0,0,0,0,1,2,8,28,0,1,,,,,,
carriwi01,CAR,LW,5,0,0,0,0,0,0,0,0,0,3,3,30,49,2,2,,,,,,
cecico01,LAK,D,4,0,0,0,-2,0,0,0,0,0,3,9,3,66,1,2,,,,,,
chaboth01,OTT,D,4,0,0,2,-6,0,0,0,0,0,8,10,2,124,2,10,,,,,,
chinaye01,PIT,RW,6,0,0,0,-4,0,0,0,0,0,8,3,11,86,0,0,,,,,,
cliftco01,PIT,D,3,0,0,0,-3,0,0,0,0,0,1,1,8,35,0,1,,,,,,
crottca01,OTT,D,1,0,0,0,-1,0,0,0,0,0,1,1,1,8,1,1,,,,,,
crozima01,TBL,D,2,0,0,2,-2,0,0,0,0,0,3,1,1,29,0,0,,,,,,
deslani01,CAR,LW,1,0,0,4,0,0,0,0,0,0,1,1,4,3,0,0,,,,,,
dobesja01,MTL,G,7,0,0,4,0,0,0,0,0,0,0,0,0,442,0,2,4,3,0,15,196,0
dobsono01,MTL,D,1,0,0,0,0,0,0,0,0,0,0,2,4,18,1,3,,,,,,
dostalu01,ANA,G,6,0,0,0,0,0,0,0,0,0,0,0,0,310,0,2,4,2,0,20,159,0
doughdr01,LAK,D,4,0,0,0,-3,0,0,0,0,0,1,7,5,100,1,7,,,,,,
dumoubr01,LAK,D,4,0,0,2,-1,0,0,0,0,0,2,1,5,65,2,1,,,,,,
dunnejo01,BUF,C,2,0,0,0,1,0,0,0,5,11,1,2,2,15,0,1,,,,,,
ellerla01,OTT,C,4,0,0,0,0,0,0,0,26,20,4,3,4,35,2,2,,,,,,
ernead01,DAL,LW,1,0,0,0,-1,0,0,0,0,0,2,0,2,8,0,0,,,,,,
eyssimi01,BOS,C,2,0,0,0,0,0,0,0,0,3,2,1,6,23,1,1,,,,,,
faksara01,DAL,C,6,0,0,4,-3,0,0,0,24,33,5,6,10,78,1,4,,,,,,
foegewa01,OTT,LW,4,0,0,0,-1,0,0,0,0,0,5,0,5,52,2,2,,,,,,
foersty01,PHI,RW,7,0,0,6,-1,0,0,0,0,0,10,4,16,124,2,6,,,,,,
forsban01,LAK,G,4,0,0,0,0,0,0,0,0,0,0,0,0,244,0,1,0,4,0,11,121,0
fredetr01,EDM,C,4,0,0,0,-3,0,0,0,7,4,4,1,12,36,1,1,,,,,,
geekico01,TBL,C,2,0,0,2,-1,0,0,0,0,1,1,1,4,13,1,1,,,,,,
gilbede01,OTT,D,3,0,0,6,-1,0,0,0,0,0,0,2,11,29,0,3,,,,,,
girarsa01,PIT,D,6,0,0,4,-1,0,0,0,0,0,5,4,6,119,4,8,,,,,,
girgeze01,TBL,C,7,0,0,4,-2,0,0,0,4,8,2,9,27,81,1,2,,,,,,
giroucl01,OTT,C,4,0,0,0,0,0,0,0,34,22,11,3,8,81,1,3,,,,,,
gostish01,CAR,D,5,0,0,10,5,0,0,0,0,0,5,2,3,94,3,8,,,,,,
gudasra01,ANA,D,1,0,0,0,-1,0,0,0,0,0,1,1,2,9,0,0,,,,,,
hagenja01,BOS,C,3,0,0,2,-2,0,0,0,0,1,3,1,4,32,1,3,,,,,,
harleth01,DAL,D,6,0,0,2,-6,0,0,0,0,0,15,11,5,145,3,8,,,,,,
harrijo01,BOS,D,1,0,0,0,-2,0,0,0,0,0,0,3,1,13,0,2,,,,,,
hartca01,VEG,G,6,0,0,0,0,0,0,0,0,0,0,0,0,397,0,1,4,2,0,18,166,0
haytoba01,UTA,C,1,0,0,0,-1,0,0,0,6,8,2,1,0,12,1,1,,,,,,
helensa02,LAK,C,4,0,0,14,-2,0,0,0,8,7,4,1,12,31,0,2,,,,,,
henriad01,EDM,C,1,0,0,0,0,0,0,0,1,1,1,0,1,2,0,0,,,,,,
huntda01,MIN,D,1,0,0,0,1,0,0,0,0,0,1,2,1,14,0,0,,,,,,
hussovi01,ANA,G,1,0,0,0,0,0,0,0,0,0,0,0,0,47,0,1,0,0,0,1,11,0
hyryar01,DAL,F,4,0,0,0,-2,0,0,0,20,21,3,2,7,52,1,0,,,,,,
ingraco01,EDM,G,5,0,0,0,0,0,0,0,0,0,1,0,0,295,0,2,2,3,0,19,153,0
jarrytr01,EDM,G,1,0,0,0,0,0,0,0,0,0,0,0,0,62,0,0,0,1,0,4,38,0
jokihhe01,BOS,D,2,0,0,0,1,0,0,0,0,0,4,2,2,31,0,2,,,,,,
josepma01,LAK,RW,2,0,0,2,-2,0,0,0,2,1,2,1,8,16,1,2,,,,,,
kapanol01,MTL,C,4,0,0,2,0,0,0,0,5,4,3,2,1,34,0,0,,,,,,
kellypa01,COL,F,5,0,0,2,1,0,0,0,0,2,8,5,14,63,1,2,,,,,,
kessemi01,BUF,D,1,0,0,0,0,0,0,0,0,0,0,0,0,4,0,0,,,,,,
khusnma01,BOS,C,6,0,0,2,-2,0,0,0,5,3,3,4,24,92,2,7,,,,,,
kindebe01,PIT,C,6,0,0,0,-4,0,0,0,18,34,9,6,10,78,0,4,,,,,,
kivirjo01,COL,F,2,0,0,0,2,0,0,0,0,1,3,0,5,18,0,0,,,,,,
klevety01,OTT,D,2,0,0,2,0,0,0,0,0,0,1,3,9,37,1,2,,,,,,
koleske01,VEG,RW,6,0,0,2,-3,0,0,0,1,0,4,9,35,71,0,5,,,,,,
kopitan01,LAK,C,4,0,0,0,-5,0,0,0,51,29,3,6,3,76,0,4,,,,,,
korpijo01,BOS,G,1,0,0,0,0,0,0,0,0,0,0,0,0,13,0,0,0,0,0,0,6,0
kuzmean01,LAK,F,1,0,0,0,0,0,0,0,0,0,0,0,0,10,0,0,,,,,,
laughsc01,LAK,C,4,0,0,0,-2,0,0,0,25,32,12,3,14,65,0,3,,,,,,
lauzoje01,VEG,D,6,0,0,4,0,0,0,0,0,0,5,8,14,99,0,5,,,,,,
lazarcu01,EDM,C,5,0,0,0,-1,0,0,0,16,18,2,1,12,39,1,2,,,,,,
lohrema01,BOS,D,3,0,0,0,-4,0,0,0,0,0,0,5,3,42,0,4,,,,,,
luukkuk01,BUF,G,2,0,0,0,0,0,0,0,0,0,0,0,0,100,0,0,1,1,0,7,40,0
lyonal01,BUF,G,5,0,0,0,0,0,0,0,0,0,0,0,0,263,0,1,3,1,0,5,111,0
malotje01,LAK,F,4,0,0,14,-3,0,0,0,0,0,1,1,12,28,1,2,,,,,,
martiem01,TBL,D,7,0,0,4,-4,0,0,0,0,0,3,5,18,117,0,5,,,,,,
matinni01,OTT,D,4,0,0,2,1,0,0,0,0,0,1,7,3,83,0,2,,,,,,
mcbaija03,UTA,C,2,0,0,0,-1,0,0,0,1,1,1,0,5,18,0,0,,,,,,
mintefr01,BOS,C,6,0,0,0,-2,0,0,0,35,32,7,4,16,95,4,8,,,,,,
mintypa01,ANA,D,6,0,0,2,-4,0,0,0,0,0,6,8,6,127,1,8,,,,,,
mooreia01,ANA,D,6,0,0,2,-1,0,0,0,0,2,6,4,14,63,2,4,,,,,,
myersty01,DAL,D,5,0,0,4,-5,0,0,0,0,0,9,14,11,98,1,5,,,,,,
nikisal01,CAR,D,4,0,0,0,1,0,0,0,0,0,2,5,6,66,0,4,,,,,,
nurseda01,EDM,D,6,0,0,4,4,0,0,0,0,0,15,12,12,138,3,7,,,,,,
oettija01,DAL,G,6,0,0,0,0,0,0,0,0,0,0,0,0,403,0,0,2,4,0,19,178,0
paulni01,TBL,LW,6,0,0,4,-2,0,0,0,36,27,7,5,21,67,4,4,,,,,,
perryco01,TBL,RW,7,0,0,4,-2,0,0,0,0,1,5,3,6,63,0,3,,,,,,
peterjo01,UTA,RW,6,0,0,2,-3,0,0,0,0,0,5,1,6,81,1,6,,,,,,
petroal01,DAL,D,1,0,0,0,0,0,0,0,0,0,0,0,6,11,0,1,,,,,,
petryje01,MIN,D,1,0,0,0,0,0,0,0,0,0,0,0,0,7,0,0,,,,,,
pintosh01,OTT,C,4,0,0,2,-3,0,0,0,19,17,7,10,7,86,1,3,,,,,,
reichlu01,BOS,LW,1,0,0,0,-2,0,0,0,0,0,0,0,0,13,0,1,,,,,,
sabousc01,TBL,F,2,0,0,2,0,0,0,0,0,0,0,0,6,12,0,2,,,,,,
silovar01,PIT,G,3,0,0,0,0,0,0,0,0,0,0,0,0,197,0,0,2,1,0,5,82,0
skinnst01,PIT,G,3,0,0,0,0,0,0,0,0,0,0,0,0,175,0,0,0,3,0,9,71,0
slavija01,CAR,D,5,0,0,0,-1,0,0,0,0,0,6,12,3,125,3,11,,,,,,
solovil01,PIT,D,3,0,0,0,0,0,0,0,0,0,0,2,5,21,0,2,,,,,,
spencjo01,OTT,D,4,0,0,2,-3,0,0,0,0,0,4,8,7,100,3,9,,,,,,
stanllo01,BUF,D,5,0,0,5,0,0,0,0,0,0,5,6,6,69,1,1,,,,,,
steelsa01,DAL,C,6,0,0,2,-7,0,0,0,7,10,6,2,9,100,2,4,,,,,,
steeval02,BOS,F,2,0,0,0,0,0,0,0,0,0,3,0,7,26,0,0,,,,,,
strubja01,MTL,D,7,0,0,2,3,0,0,0,0,0,3,1,21,75,3,3,,,,,,
swaymje01,BOS,G,6,0,0,0,0,0,0,0,0,0,0,0,0,350,0,2,2,4,0,17,181,0
tanevbr01,UTA,LW,6,0,0,4,-3,0,0,0,0,0,5,2,25,51,1,6,,,,,,
thomsla01,OTT,D,1,0,0,0,0,0,0,0,0,0,1,2,0,13,0,1,,,,,,
timmico01,BUF,D,6,0,0,6,2,0,0,0,0,0,9,12,5,94,1,2,,,,,,
tkachbr01,OTT,LW,4,0,0,13,-4,0,0,0,23,17,11,3,13,86,1,3,,,,,,
turcoal02,LAK,C,1,0,0,0,0,0,0,0,0,0,0,3,6,12,0,0,,,,,,
ullmali01,OTT,G,4,0,0,0,0,0,0,0,0,0,0,0,0,266,0,4,0,4,0,9,133,0
vasilan02,TBL,G,7,0,0,0,0,0,0,0,0,0,0,0,0,439,0,2,3,4,0,16,156,1
vejmeka01,UTA,G,6,0,0,0,0,0,0,0,0,0,0,0,0,402,0,4,2,4,0,21,182,0
vladada01,PHI,G,7,0,0,0,0,0,0,0,0,0,0,0,0,429,0,1,4,3,0,13,181,2
wallsje01,MIN,G,7,0,0,0,0,0,0,0,0,0,0,0,0,469,0,3,4,3,0,22,227,0
wardta01,LAK,F,1,0,0,0,-1,0,0,0,0,0,1,0,0,5,0,0,,,,,,
wedgesc01,COL,G,5,0,0,0,0,0,0,0,0,0,0,0,0,307,0,1,5,0,0,11,137,0
wrighja03,LAK,RW,4,0,0,0,-1,0,0,0,0,0,5,1,7,45,1,1,,,,,,
zettefa01,OTT,W,4,0,0,2,-1,0,0,0,0,1,6,0,11,44,1,2,,,,,,
zubar01,OTT,D,1,0,0,0,0,0,0,0,0,0,0,0,3,7,0,0,,,,,,
